{"bleu": {"mwz22": 17.634696616325794}, "success": {"inform": {"total": 87.6, "hotel": 86.3, "restaurant": 94.5, "taxi": 100.0, "train": 93.9, "attraction": 93.9}, "success": {"total": 81.5, "hotel": 80.9, "restaurant": 85.1, "taxi": 87.2, "train": 85.0, "attraction": 79.0}}, "richness": {"entropy": 6.317825706930614, "cond_entropy": 1.992561179174593, "avg_lengths": 13.215936905085668, "msttr": 0.6722182192485867, "num_unigrams": 423, "num_bigrams": 2074, "num_trigrams": 3942}, "dst": null}